{
    "baselines": {
        "zeroshot": "Organize the following items into a taxonomy. Put uncategorized items into an Other category. Put all categories and items on a new line.\n\n%s\n\nTAXONOMY:\n\n",
        "zeroshot-target": "Organize the following items into a taxonomy with %s categories. Put all categories and items on a new line. Put uncategorized items into an Other category.\n\n%s\n\nTAXONOMY:\n\n"
    },
    "cascade": {
        "generate": [
            "Write a CATEGORY for the following TEXT.\n\nTEXT: %s\n\nCATEGORY:",
            "Provide a CATEGORY for the following TEXT.\n\nTEXT: %s\n\nCATEGORY:",
            "Write a CLASSIFICATION for the following TEXT.\n\nTEXT: %s\n\nCLASSIFICATION:",
            "Provide a CLASSIFICATION for the following TEXT.\n\nTEXT: %s\n\nCLASSIFICATION:",
            "CATEGORIZE the following TEXT.\n\nTEXT: %s\n\nCATEGORY:"
        ],
        "selectBest": [
            "Select the best CATEGORY to describe the ITEM from the LIST OF CATEGORIES.\n\nITEM: %s\n\nLIST OF CATEGORIES:%s\n\nCATEGORY:",
            "Which CATEGORY best describe the ITEM from the LIST OF CATEGORIES.\n\nITEM: %s\n\nLIST OF CATEGORIES:%s\n\nCATEGORY:",
            "From the LIST OF CATEGORIES, select the best CATEGORY to describe the ITEM.\n\nITEM: %s\n\nLIST OF CATEGORIES:%s\n\nCATEGORY:",
            "Select the best CLASSIFICATION to describe the ITEM from the LIST OF CLASSIFICATIONS.\n\nITEM: %s\n\nLIST OF CLASSIFICATIONS:%s\n\nCLASSIFICATION:",
            "Which CLASSIFICATION best describe the ITEM from the LIST OF CLASSIFICATIONS.\n\nITEM: %s\n\nLIST OF CLASSIFICATIONS:%s\n\nCLASSIFICATION:"
        ],
        "categorize": [
            "ANSWER YES if the ITEM fits into the CATEGORY. ANSWER NO if the ITEM does not fit into the CATEGORY.\n\nITEM: %s\n\nCATEGORY: %s\n\nANSWER:",
            "Is the CATEGORY a good fit or the ITEM? ANSWER YES or NO.\n\nITEM: %s\n\nCATEGORY: %s\n\nANSWER:",
            "ANSWER YES if the ITEM fits into the CLASSIFICATION. ANSWER NO if the ITEM does not fit into the CLASSIFICATION.\n\nITEM: %s\n\nCLASSIFICATION: %s\n\nANSWER:",
            "Does the ITEM fit into the CATEGORY? ANSWER YES or NO.\n\nITEM: %s\n\nCATEGORY: %s\n\nANSWER:",
            "Does the ITEM fit into the CLASSIFICATION? ANSWER YES or NO.\n\nITEM: %s\n\nCLASSIFICATION: %s\n\nANSWER:"
        ]
    }
}   