{
    "baselines": {
        "zeroshot": "For the following prompt, give five suggestions for a story about it. Then write the story. The prompt is: %s",
        "zeroshot-combo": "For the following prompt, give five suggestions for a story about it. Then write different versions of the stories including different suggestion combinations. Indicate in parentheses which suggestions are included in that story. The story should have four detailed scenes, indicated by paragraphs. The prompt is: %s"
    },

    "mn": {
        "initialize": {
            "initial-first": [
                "From the prompt, write a draft of a first short paragraph of a short story with the following prompt.\n\n%s",
                "Write a draft of a first short paragraph of a short story with the following prompt.\n\n%s",
                "Compose a draft of a first short paragraph of a short story with the following prompt.\n\n%s",
                "From the prompt, draft the first short paragraph of a short story with the following prompt.\n\n%s",
                "Draft the first short paragraph of a short story with the following prompt.\n\n%s"
            ],
            "standard": [
                "From the prompt, write a draft of the next short paragraph of a short story with the following prompt.\n\n%s\n\nSTORY: %s",
                "Write a draft of the next short paragraph of a short story with the following prompt.\n\n%s\n\nSTORY: %s",
                "Compose a draft of the next short paragraph of a short story with the following prompt.\n\n%s\n\nSTORY: %s",
                "From the prompt, draft the next short paragraph of a short story with the following prompt.\n\n%s\n\nSTORY: %s",
                "Draft the next short paragraph of a short story with the following prompt.\n\n%s\n\nSTORY: %s"
            ],
            "final": [
                "From the prompt, write a draft of the concluding short paragraph of a short story with the following prompt.\n\n%s\n\nSTORY: %s",
                "Write a draft of the final short paragraph of a short story with the following prompt.\n\n%s\n\nSTORY: %s",
                "Compose a draft of the last short paragraph of a short story with the following prompt.\n\n%s\n\nSTORY: %s",
                "From the prompt, draft the final short paragraph of a short story with the following prompt.\n\n%s\n\nSTORY: %s",
                "Draft the concluding short paragraph of a short story with the following prompt.\n\n%s\n\nSTORY: %s"
            ],
            "vote-initial-first": [
                "Select the NUMBER associated with the PARAGRAPH that best begins a story about the following PROMPT. Only write the number.\n\nPROMPT: %s\n\nNUMBER: %s",
                "Select the NUMBER associated with the PARAGRAPH that is the best start to a story about the following PROMPT. Only write the number.\n\nPROMPT: %s\n\nNUMBER: %s",
                "Select the NUMBER associated with the PARAGRAPH that best starts a story about the following PROMPT. Only write the number.\n\nPROMPT: %s\n\nNUMBER: %s",
                "Select the NUMBER associated with the PARAGRAPH that best establishes a story about the following PROMPT. Only write the number.\n\nPROMPT: %s\n\nNUMBER: %s",
                "Select the NUMBER associated with the PARAGRAPH that best initializes a story about the following PROMPT. Only write the number.\n\nPROMPT: %s\n\nNUMBER: %s"
            ],
            "vote-standard": [
                "Select the NUMBER associated with the NEXT PARAGRAPH that best continues the STORY about the following PROMPT. Only write the number.\n\nPROMPT: %s\n\nSTORY: %s\n\nNUMBER: %s",
                "Select the NUMBER associated with the NEXT PARAGRAPH that best progresses the STORY about the following PROMPT. Only write the number.\n\nPROMPT: %s\n\nSTORY: %s\n\nNUMBER: %s",
                "Select the NUMBER associated with the NEXT PARAGRAPH that best advances the STORY about the following PROMPT. Only write the number.\n\nPROMPT: %s\n\nSTORY: %s\n\nNUMBER: %s",
                "Select the NUMBER associated with the NEXT PARAGRAPH that best develops the STORY about the following PROMPT. Only write the number.\n\nPROMPT: %s\n\nSTORY: %s\n\nNUMBER: %s",
                "Select the NUMBER associated with the NEXT PARAGRAPH that best builds the STORY about the following PROMPT. Only write the number.\n\nPROMPT: %s\n\nSTORY: %s\n\nNUMBER: %s"
            ],
            "vote-final": [
                "Select the NUMBER associated with the NEXT PARAGRAPH that best completes the STORY about the following PROMPT. Only write the number.\n\nPROMPT: %s\n\nSTORY: %s\n\nNUMBER: %s",
                "Select the NUMBER associated with the NEXT PARAGRAPH that best concludes the STORY about the following PROMPT. Only write the number.\n\nPROMPT: %s\n\nSTORY: %s\n\nNUMBER: %s",
                "Select the NUMBER associated with the NEXT PARAGRAPH that best finishess the STORY about the following PROMPT. Only write the number.\n\nPROMPT: %s\n\nSTORY: %s\n\nNUMBER: %s",
                "Select the NUMBER associated with the NEXT PARAGRAPH that best wraps up the STORY about the following PROMPT. Only write the number.\n\nPROMPT: %s\n\nSTORY: %s\n\nNUMBER: %s",
                "Select the NUMBER associated with the NEXT PARAGRAPH that best closes the STORY about the following PROMPT. Only write the number.\n\nPROMPT: %s\n\nSTORY: %s\n\nNUMBER: %s"
            ]
        },
        "reflect": {
            "generate-banned": [
                "Consider a critique of the STORY. In one sentence, summarize the critique and suggest a change to the STORY that would make it better. Do not suggest changes that are similar to the the BANNED changes.\n\nSTORY: %s\n\nBANNED: %s\n\nCHANGE SUGGESTION:",
                "In response to a critique of the story, suggest a change to the STORY that would make it better. The suggestion should summarize the critique and suggest the change in one sentence. Do not suggest changes that are similar to the the BANNED changes.\n\nSTORY: %s\n\nBANNED: %s\n\nCHANGE SUGGESTION:",
                "In response to a critique of the story, recommend a change to improve the STORY. Summarize the critique and recommend the change in one sentence. Do not suggest changes that are similar to the the BANNED changes.\n\nSTORY: %s\n\nBANNED: %s\n\nCHANGE RECOMMENDATION:",
                "With a critique of the story in mind, suggest a change to improve the STORY. In one sentence both summarize the critique and suggest a change. Do not suggest changes that are similar to the the BANNED changes.\n\nSTORY: %s\n\nBANNED: %s\n\nCHANGE SUGGESTION:",
                "In one sentence, both summarize a critique and recommend a change to the STORY that would improve the story to address the critique. Do not suggest changes that are similar to the the BANNED changes.\n\nSTORY: %s\n\nBANNED: %s\n\nCHANGE RECOMMENDATION:"
            ],
            "generate": [
                "Consider a critique of the STORY. In one sentence, summarize the critique and suggest a change to the STORY that would make it better.\n\nSTORY: %s\n\nCHANGE SUGGESTION:",
                "In response to a critique of the story, suggest a change to the STORY that would make it better. The suggestion should summarize the critique and suggest the change in one sentence.\n\nSTORY: %s\n\nCHANGE SUGGESTION:",
                "In response to a critique of the story, recommend a change to improve the STORY. Summarize the critique and recommend the change in one sentence.\n\nSTORY: %s\n\nCHANGE RECOMMENDATION:",
                "With a critique of the story in mind, suggest a change to improve the STORY. In one sentence both summarize the critique and suggest a change. \n\nSTORY: %s\n\nCHANGE SUGGESTION:",
                "In one sentence, both summarize a critique and recommend a change to the STORY that would improve the story to address the critique. \n\nSTORY: %s\n\nCHANGE RECOMMENDATION:",
                "Consider a critique of the STORY. In one sentence, summarize the critique and suggest a change to the STORY that would make it better. \n\nSTORY: %s\n\nCHANGE SUGGESTION:",
                "In response to a critique of the story, suggest a change to the STORY that would make it better. The suggestion should summarize the critique and suggest the change in one sentence.\n\nSTORY: %s\n\nCHANGE SUGGESTION:",
                "In response to a critique of the story, recommend a change to improve the STORY. Summarize the critique and recommend the change in one sentence.\n\nSTORY: %s\n\nCHANGE RECOMMENDATION:",
                "With a critique of the story in mind, suggest a change to improve the STORY. In one sentence both summarize the critique and suggest a change.\n\nSTORY: %s\n\nCHANGE SUGGESTION:",
                "In one sentence, both summarize a critique and recommend a change to the STORY that would improve the story to address the critique.\n\nSTORY: %s\n\nCHANGE RECOMMENDATION:",
                "Consider a critique of the STORY. In one sentence, summarize the critique and suggest a change to the STORY that would make it better. \n\nSTORY: %s\n\nCHANGE SUGGESTION:",
                "In response to a critique of the story, suggest a change to the STORY that would make it better. The suggestion should summarize the critique and suggest the change in one sentence.\n\nSTORY: %s\n\nCHANGE SUGGESTION:",
                "In response to a critique of the story, recommend a change to improve the STORY. Summarize the critique and recommend the change in one sentence.\n\nSTORY: %s\n\nCHANGE RECOMMENDATION:",
                "With a critique of the story in mind, suggest a change to improve the STORY. In one sentence both summarize the critique and suggest a change.\n\nSTORY: %s\n\nCHANGE SUGGESTION:",
                "In one sentence, both summarize a critique and recommend a change to the STORY that would improve the story to address the critique.\n\nSTORY: %s\n\nCHANGE RECOMMENDATION:"
            ],
            "compare_with_banned": [
                "Are the two RECOMMENDATIONS similar? ANSWER in one word, Yes or No.\n\nRECOMMENDATION 1: %s\n\nRECOMMENDATION 2: %s\n\nANSWER:",
                "Do the two RECOMMENDATIONS mean the same thing? ANSWER in one word, Yes or No.\n\nRECOMMENDATION 1: %s\n\nRECOMMENDATION 2: %s\n\nANSWER:",
                "Are the two RECOMMENDATIONS equivalent in meaning? ANSWER in one word, Yes or No.\n\nRECOMMENDATION 1: %s\n\nRECOMMENDATION 2: %s\n\nANSWER:",
                "Are the two RECOMMENDATIONS suggesting the same kins of change? ANSWER in one word, Yes or No.\n\nRECOMMENDATION 1: %s\n\nRECOMMENDATION 2: %s\n\nANSWER:",
                "Are the two RECOMMENDATIONS reminiscent of eachother? ANSWER in one word, Yes or No.\n\nRECOMMENDATION 1: %s\n\nRECOMMENDATION 2: %s\n\nANSWER:"
            ],
            "ban_descriptions": [
                "Is the TEXT an instruction for changing a story? Answer in one word.\n\nTEXT: %s\n\nANSWER:",
                "Is the TEXT a suggestion to change a story? Answer in one word.\n\nTEXT: %s\n\nANSWER:",
                "Does the TEXT provide an instruction to change a story? Answer in one word.\n\nTEXT: %s\n\nANSWER:",
                "Is there a command in the TEXT to change a story? Answer in one word.\n\nTEXT: %s\n\nANSWER:",
                "Does the TEXT provide a command to change a story? Answer in one word.\n\nTEXT: %s\n\nANSWER:"
            ],
            "ban_already_exists": [
                "Has the idea behind the SUGGESTION already been incorporated into the STORY? Answer in one word.\n\nSUGGESTION: %s\n\nSTORY: %s\n\nANSWER:",
                "Has the idea behind the SUGGESTION already been included in the STORY? Answer in one word.\n\nSUGGESTION: %s\n\nSTORY: %s\n\nANSWER:",
                "Is the idea behind the SUGGESTION already a part of the STORY? Answer in one word.\n\nSUGGESTION: %s\n\nSTORY: %s\n\nANSWER:",
                "Has the idea behind the RECOMMENDATION already been incorporated into the STORY? Answer in one word.\n\nRECOMMENDATION: %s\n\nSTORY: %s\n\nANSWER:",
                "Has the idea behind the RECOMMENDATION already been included in the STORY? Answer in one word.\n\nRECOMMENDATION: %s\n\nSTORY: %s\n\nANSWER:"
    
            ],
            "rank": [
                "What NUMBER goal from the following LIST is most pressing to pursue regarding the STORY?  Only write the number.\n\nSTORY: %s\n\nLIST: %s\n\nNUMBER:",
                "What NUMBER goal from the following LIST is most interesting to pursue regarding the STORY? Only write the number.\n\nSTORY: %s\n\nLIST: %s\n\nNUMBER:",
                "What NUMBER goal from the following LIST is most important to pursue regarding the STORY? Only write the number.\n\nSTORY: %s\n\nLIST: %s\n\nNUMBER:",
                "What NUMBER goal from the following LIST is best to pursue regarding the STORY? Only write the number.\n\nSTORY: %s\n\nLIST: %s\n\nNUMBER:",
                "What NUMBER goal from the following LIST matters most to pursue regarding the STORY? Only write the number.\n\nSTORY: %s\n\nLIST: %s\n\nNUMBER:"
            ],
            "rank-banned": [
                "What NUMBER goal from the following LIST is most pressing to pursue regarding the STORY? The goal CANNOT be similar to the goals on the BANNED list. Only write the number.\n\nSTORY: %s\n\nBANNED:%s\n\nLIST: %s\n\nNUMBER:",
                "What NUMBER goal from the following LIST is most interesting to pursue regarding the STORY? The goal CANNOT be similar to the goals on the BANNED list. Only write the number.\n\nSTORY: %s\n\nBANNED:%s\n\nLIST: %s\n\nNUMBER:",
                "What NUMBER goal from the following LIST is most important to pursue regarding the STORY? The goal CANNOT be similar to the goals on the BANNED list. Only write the number.\n\nSTORY: %s\n\nBANNED:%s\n\nLIST: %s\n\nNUMBER:",
                "What NUMBER goal from the following LIST is best to pursue regarding the STORY? The goal CANNOT be similar to the goals on the BANNED list. Only write the number.\n\nSTORY: %s\n\nBANNED:%s\n\nLIST: %s\n\nNUMBER:",
                "What NUMBER goal from the following LIST matters most to pursue regarding the STORY? The goal CANNOT be similar to the goals on the BANNED list. Only write the number.\n\nSTORY: %s\n\nBANNED:%s\n\nLIST: %s\n\nNUMBER:"
            ]
        },
        "revise": {
            "summarize": [
                "Summarize the following story: %s"
            ],
            "select_scene": [
                [
                    "Consider the following summary of a STORY.\n\nSTORY SUMMARY: %s",
                    "Somebody wants to edit this SCENE to fulfill this REQUIREMENT.\n\nSCENE: %s\n\nCHANGE:%s",
                    "Is it possible to edit the following SCENE of the STORY help make the CHANGE? ANSWER with one word."
                ],
                [
                    "Consider the following summary of a STORY.\n\nSTORY SUMMARY: %s",
                    "Somebody wants to edit this SCENE to fulfill this REQUIREMENT.\n\nSCENE: %s\n\nCHANGE:%s",
                    "Would it be possible to edit the following SCENE of the STORY help make the CHANGE? ANSWER with one word."
                ],
                [
                    "Consider the following summary of a STORY.\n\nSTORY SUMMARY: %s",
                    "Somebody wants to edit this SCENE to fulfill this REQUIREMENT.\n\nSCENE: %s\n\nCHANGE:%s",
                    "Is editing the following SCENE of the STORY an option help make the CHANGE? ANSWER with one word."
                ],
                [
                    "Consider the following summary of a STORY.\n\nSTORY SUMMARY: %s",
                    "Somebody wants to edit this SCENE to fulfill this REQUIREMENT.\n\nSCENE: %s\n\nCHANGE:%s",
                    "Would making this edit the following SCENE of the STORY help make the CHANGE? ANSWER with one word."
                ],
                [
                    "Consider the following summary of a STORY.\n\nSTORY SUMMARY: %s",
                    "Somebody wants to edit this SCENE to fulfill this REQUIREMENT.\n\nSCENE: %s\n\nCHANGE:%s",
                    "Could the edit the following SCENE of the STORY help make the CHANGE? ANSWER with one word."
                ],
                [
                    "Consider the following summary of a STORY.\n\nSTORY SUMMARY: %s",
                    "Somebody wants to revise this SCENE to fulfill this REQUIREMENT.\n\nSCENE: %s\n\nCHANGE:%s",
                    "Is it possible to revise the following SCENE of the STORY help make the CHANGE? ANSWER with one word."
                ],
                [
                    "Consider the following summary of a STORY.\n\nSTORY SUMMARY: %s",
                    "Somebody wants to revise this SCENE to fulfill this REQUIREMENT.\n\nSCENE: %s\n\nCHANGE:%s",
                    "Would it be possible to revise the following SCENE of the STORY help make the CHANGE? ANSWER with one word."
                ],
                [
                    "Consider the following summary of a STORY.\n\nSTORY SUMMARY: %s",
                    "Somebody wants to revise this SCENE to fulfill this REQUIREMENT.\n\nSCENE: %s\n\nCHANGE:%s",
                    "Is revising the following SCENE of the STORY an option help make the CHANGE? ANSWER with one word."
                ],
                [
                    "Consider the following summary of a STORY.\n\nSTORY SUMMARY: %s",
                    "Somebody wants to revise this SCENE to fulfill this REQUIREMENT.\n\nSCENE: %s\n\nCHANGE:%s",
                    "Would making this revision the following SCENE of the STORY help make the CHANGE? ANSWER with one word."
                ],
                [
                    "Consider the following summary of a STORY.\n\nSTORY SUMMARY: %s",
                    "Somebody wants to revise this SCENE to fulfill this REQUIREMENT.\n\nSCENE: %s\n\nCHANGE:%s",
                    "Could the revision the following SCENE of the STORY help make the CHANGE? ANSWER with one word."
                ]
            ],
            "what_to_change": [
                [
                    "Consider the following summary of a STORY.\n\nSTORY SUMMARY: %s",
                    "Somebody wants to this SCENE to fulfill this REQUIREMENT.\n\nSCENE: %s\n\nREQUIREMENT:%s",
                    "In 1-2 sentences, what INSTRUCTIONS would you give to change this SCENE in the STORY to help fulfill the REQUIREMENT? The changed scene after fulfilling the instructions should be about the same length as the current scene."
                ],
                [
                    "Consider the following summary of a STORY.\n\nSTORY SUMMARY: %s",
                    "Somebody wants to this SCENE to fulfill this REQUIREMENT.\n\nSCENE: %s\n\nREQUIREMENT:%s",
                    "In 1-2 sentences, give concrete INSTRUCTIONS to edit this SCENE in the STORY to help fulfill the REQUIREMENT? The changed scene after fulfilling the instructions should be about the same length as the current scene."
                ],
                [
                    "Consider the following summary of a STORY.\n\nSTORY SUMMARY: %s",
                    "Somebody wants to this SCENE to fulfill this REQUIREMENT.\n\nSCENE: %s\n\nREQUIREMENT:%s",
                    "In 1-2 sentences, describe concrete INSTRUCTIONS to help fulfill the REQUIREMENT by adapting this SCENE in the STORY ? The changed scene after fulfilling the instructions should be about the same length as the current scene."
                ],
                [
                    "Consider the following summary of a STORY.\n\nSTORY SUMMARY: %s",
                    "Somebody wants to edit this SCENE to fulfill this REQUIREMENT.\n\nSCENE: %s\n\nREQUIREMENT:%s",
                    "In 1-2 sentences, what concrete INSTRUCTIONS would you recommend to revise this SCENE in the STORY in order to help fulfill the REQUIREMENT? The changed scene after fulfilling the instructions should be about the same length as the current scene."
                ],
                [
                    "Consider the following summary of a STORY.\n\nSTORY SUMMARY: %s",
                    "Somebody wants to edit this SCENE to fulfill this REQUIREMENT.\n\nSCENE: %s\n\nREQUIREMENT:%s",
                    "In 1-2 sentences, what INSTRUCTIONS would you recommend to fulfill the REQUIREMENT by altering this SCENE in the STORY? The changed scene after fulfilling the instructions should be about the same length as the current scene."
                ]
            ],
            "vote_change": [
                [
                    "Consider the following summary of a STORY.\n\nSTORY SUMMARY: %s",
                    "Somebody wants to edit this SCENE to fit this REQUIREMENT.\n\nSCENE: %s\n\nREQUIREMENT:%s",
                    "Here is a list of INSTRUCTIONS that could adapt the SCENE to fit the REQUIREMENT.\n\nINSTRUCTIONS: %s",
                    "What NUMBER from the INSTRUCTIONS would be best to fulfill the REQUIREMENT For this SCENE? The changed scene after fulfilling the instructions should be about the same length as the current scene. You must vote, if you are tied pick one you like randomly. Only write the number, with no other words."
                ],
                [
                    "Consider the following summary of a STORY.\n\nSTORY SUMMARY: %s",
                    "Somebody wants to edit this SCENE to fit this REQUIREMENT.\n\nSCENE: %s\n\nREQUIREMENT:%s",
                    "Here is a list of INSTRUCTIONS that could adapt the SCENE to fit the REQUIREMENT.\n\nINSTRUCTIONS: %s",
                    "What NUMBER from the INSTRUCTIONS would be best to complete the REQUIREMENT For this SCENE? The changed scene after fulfilling the instructions should be about the same length as the current scene. You must vote, if you are tied pick one you like randomly. Only write the number, with no other words."
                ],
                [
                    "Consider the following summary of a STORY.\n\nSTORY SUMMARY: %s",
                    "Somebody wants to edit this SCENE to fit this REQUIREMENT.\n\nSCENE: %s\n\nREQUIREMENT:%s",
                    "Here is a list of INSTRUCTIONS that could adapt the SCENE to fit the REQUIREMENT.\n\nINSTRUCTIONS: %s",
                    "What NUMBER from the INSTRUCTIONS would be best to address the REQUIREMENT For this SCENE? The changed scene after fulfilling the instructions should be about the same length as the current scene. You must vote, if you are tied pick one you like randomly. Only write the number, with no other words."
                ],
                [
                    "Consider the following summary of a STORY.\n\nSTORY SUMMARY: %s",
                    "Somebody wants to edit this SCENE to fit this REQUIREMENT.\n\nSCENE: %s\n\nREQUIREMENT:%s",
                    "Here is a list of INSTRUCTIONS that could adapt the SCENE to fit the REQUIREMENT.\n\nINSTRUCTIONS: %s",
                    "What NUMBER from the INSTRUCTIONS would be best to implement the REQUIREMENT For this SCENE?The changed scene after fulfilling the instructions should be about the same length as the current scene. You must vote, if you are tied pick one you like randomly. Only write the number, with no other words."
                ],
                [
                    "Consider the following summary of a STORY.\n\nSTORY SUMMARY: %s",
                    "Somebody wants to edit this SCENE to fit this REQUIREMENT.\n\nSCENE: %s\n\nREQUIREMENT:%s",
                    "Here is a list of INSTRUCTIONS that could adapt the SCENE to fit the REQUIREMENT.\n\nINSTRUCTIONS: %s",
                    "What NUMBER from the INSTRUCTIONS would be best to accomplish the REQUIREMENT For this SCENE? The changed scene after fulfilling the instructions should be about the same length as the current scene. You must vote, if you are tied pick one you like randomly. Only write the number, with no other words."
                ]
            ], 
            "fix-generate": [
                [
                    "Consider the following summary of a STORY.\n\nSTORY SUMMARY: %s",
                    "Edit this SCENE to make this CHANGE.  Keep as many elements of the original scene that you can while keeping the length of the scene the same.\n\nSCENE: %s\n\nCHANGE:%s\n\nEDITED SCENE:"
                ],[
                    "Consider the following summary of a STORY.\n\nSTORY SUMMARY: %s",
                    "Revise this SCENE to make this CHANGE.  Keep as many elements of the original scene that you can while keeping the length of the scene the same.\n\nSCENE: %s\n\nCHANGE:%s\n\nEDITED SCENE:"
                ],[
                    "Consider the following summary of a STORY.\n\nSTORY SUMMARY: %s",
                    "Make this CHANGE to revise the SCENE.  Keep as many elements of the original scene that you can while keeping the length of the scene the same.\n\nSCENE: %s\n\nCHANGE:%s\n\nEDITED SCENE:"
                ],[
                    "Consider the following summary of a STORY.\n\nSTORY SUMMARY: %s",
                    "Make this CHANGE to edit the SCENE.  Keep as many elements of the original scene that you can while keeping the length of the scene the same.\n\nSCENE: %s\n\nCHANGE:%s\n\nEDITED SCENE:"
                ],[
                    "Consider the following summary of a STORY.\n\nSTORY SUMMARY: %s",
                    "Adapt this SCENE to make this CHANGE.  Keep as many elements of the original scene that you can while keeping the length of the scene the same.\n\nSCENE: %s\n\nCHANGE:%s\n\nEDITED SCENE:"
                ]
            ],
            "vote-generate": [
                [
                    "Consider the following summary of a STORY.\n\nSTORY SUMMARY: %s",
                    "You want to edit this SCENE with this CHANGE.\n\nSCENE: %s\n\nCHANGE:%s",
                    "Here is a list of NEW SCENES that attempt to make the CHANGE to the SCENE.\n\nNEW SCENES: %s",
                    "What NUMBER of the NEW SCENES best makes the CHANGE to the SCENE in the STORY? You must vote, if you are tied pick one you like randomly. Only write the number, with no other words."
                ],
                [
                    "Consider the following summary of a STORY.\n\nSTORY SUMMARY: %s",
                    "You want to edit this SCENE with this CHANGE.\n\nSCENE: %s\n\nCHANGE:%s",
                    "Here is a list of NEW SCENES that attempt to make the CHANGE to the SCENE.\n\nNEW SCENES: %s",
                    "What NUMBER of the NEW SCENES best edits the SCENE in the STORY to make the CHANGE? You must vote, if you are tied pick one you like randomly. Only write the number, with no other words."
                ],
                [
                    "Consider the following summary of a STORY.\n\nSTORY SUMMARY: %s",
                    "You want to edit this SCENE with this CHANGE.\n\nSCENE: %s\n\nCHANGE:%s",
                    "Here is a list of NEW SCENES that attempt to make the CHANGE to the SCENE.\n\nNEW SCENES: %s",
                    "What NUMBER of the NEW SCENES best completes the CHANGE to the SCENE in the STORY? You must vote, if you are tied pick one you like randomly. Only write the number, with no other words."
                ],
                [
                    "Consider the following summary of a STORY.\n\nSTORY SUMMARY: %s",
                    "You want to edit this SCENE with this CHANGE.\n\nSCENE: %s\n\nCHANGE:%s",
                    "Here is a list of NEW SCENES that attempt to make the CHANGE to the SCENE.\n\nNEW SCENES: %s",
                    "What NUMBER of the NEW SCENES best implements the CHANGE to the SCENE in the STORY? You must vote, if you are tied pick one you like randomly. Only write the number, with no other words."
                ],
                [
                    "Consider the following summary of a STORY.\n\nSTORY SUMMARY: %s",
                    "You want to edit this SCENE with this CHANGE.\n\nSCENE: %s\n\nCHANGE:%s",
                    "Here is a list of NEW SCENES that attempt to make the CHANGE to the SCENE.\n\nNEW SCENES: %s",
                    "What NUMBER of the NEW SCENES best realizes the CHANGE to the SCENE in the STORY? You must vote, if you are tied pick one you like randomly. Only write the number, with no other words."
                ]
            ]
        }
    }
}