{
    "baselines": {
        "zeroshot": "Shorten the following paragraph: %s",
        "zeroshot-target": "Shorten the paragraph to %s words.\n\n%s",
        "zeroshot-ffv": ["First, select all the phrases that can be shortened, and write them after FIND. Then shorten those phrases, and write them after FIX. Finally, verify that the shortened phrases are grammatically correct and retain the meaning and style of the original sentence, and write the results after VERIFY. Then, merge the fixes together into the new paragraph labeled NEW PARAGRAPH.", "PARAGRAPH: %s"]
    },
    "soylent": {
        "find": [
            "From the following PARAGRAPH:, highlight all of the sentences that could be rephrased to be shorter. Do not rephrase the sentence, instead quote directly the sentence that has the potential to be rephrased. Every sentence in the list should be copied exactly word-for-word from the paragraph.\n\nPARAGRAPH: %s",
            "From the following PARAGRAPH:, highlight all of the long phrases that could be rephrased to be shorter. Do not rephrase the sentence, instead quote directly the sentence that has the potential to be rephrased. Every phrase in the list should be copied exactly word-for-word from the paragraph.\n\nPARAGRAPH: %s",
            "From the following PARAGRAPH:, highlight all of the sentences that could be rephrased to be more concise. Do not rephrase the sentence, instead quote directly the sentence that has the potential to be rephrased. Every sentence in the list should be copied exactly word-for-word from the paragraph.\n\nPARAGRAPH: %s",
            "From the following PARAGRAPH:, highlight all of the long phrases that could be rephrased to be more concise. Do not rephrase the sentence, instead quote directly the sentence that has the potential to be rephrased. Every sentence in the list should be copied exactly word-for-word from the paragraph.\n\nPARAGRAPH: %s",
            "From the following PARAGRAPH:, highlight groups of sentences that could be merged. Do not rephrase the sentence, instead quote directly the sentence that has the potential to be rephrased. Every sentence in the list should be copied exactly word-for-word from the paragraph.\n\nPARAGRAPH: %s",
            "From the following PARAGRAPH:, highlight all of the sentences that could be rephrased to be shorter. Do not rephrase the sentence, instead quote directly the sentence that has the potential to be rephrased. Every sentence in the list should be copied exactly word-for-word from the paragraph.\n\nPARAGRAPH: %s",
            "From the following PARAGRAPH:, highlight all of the long phrases that could be rephrased to be shorter. Do not rephrase the sentence, instead quote directly the sentence that has the potential to be rephrased. Every phrase in the list should be copied exactly word-for-word from the paragraph.\n\nPARAGRAPH: %s",
            "From the following PARAGRAPH:, highlight all of the sentences that could be rephrased to be more concise. Do not rephrase the sentence, instead quote directly the sentence that has the potential to be rephrased. Every sentence in the list should be copied exactly word-for-word from the paragraph.\n\nPARAGRAPH: %s",
            "From the following PARAGRAPH:, highlight all of the long phrases that could be rephrased to be more concise. Do not rephrase the sentence, instead quote directly the sentence that has the potential to be rephrased. Every sentence in the list should be copied exactly word-for-word from the paragraph.\n\nPARAGRAPH: %s",
            "From the following PARAGRAPH:, highlight groups of sentences that could be merged. Do not rephrase the sentence, instead quote directly the sentence that has the potential to be rephrased. Every sentence in the list should be copied exactly word-for-word from the paragraph.\n\nPARAGRAPH: %s"
        ],
        "fix": [
            "I will give you a PARAGRAPH and text in that paragraph. Rephrase the wording of the TEXT to be more concise without losing meaning.\n\nPARAGRAPH: %s\n\nTEXT: %s",
            "I will give you a PARAGRAPH and text in that paragraph. Delete words in the TEXT to be more concise without losing meaning.\n\nPARAGRAPH: %s\n\nTEXT: %s",
            "I will give you a PARAGRAPH and text in that paragraph. Shorten the TEXT to be more concise without losing meaning.\n\nPARAGRAPH: %s\n\nTEXT: %s",
            "I will give you a PARAGRAPH and text in that paragraph. If the TEXT could be deleted, return DELETE. Otherwise, return 'NA'.\n\nPARAGRAPH: %s\n\nTEXT: %s",
            "I will give you a PARAGRAPH and text in that paragraph. If the TEXT could be removed, return DELETE. Otherwise, return 'NA'.\n\nPARAGRAPH: %s\n\nTEXT: %s"
        ],
        "verify-grammar": [
            "In the context of the PARAGRAPH, is the PHRASE grammatically incorrect?. Please answer Yes or No.\n\nPARAGRAPH: %s\n\nPHRASE: %s",
            "In the context of the PARAGRAPH, does the PHRASE have grammatical issues?. Please answer Yes or No.\n\nPARAGRAPH: %s\n\nPHRASE: %s",
            "In the context of the PARAGRAPH, does the PHRASE have spelling problems?. Please answer Yes or No.\n\nPARAGRAPH: %s\n\nPHRASE: %s",
            "In the context of the PARAGRAPH, does the PHRASE have style problems?. Please answer Yes or No.\n\nPARAGRAPH: %s\n\nPHRASE: %s",
            "Does the PHRASE have significant spelling, grammar, or style problems in the context of the PARAGRAPH?. Please answer Yes or No.\n\nPARAGRAPH: %s\n\nPHRASE: %s"
            ],
        "verify-meaning": [
            "In the context of the PARAGRAPH, is there a significant shift in meaning between the text labeled ORIGINAL and NEW? Write Yes or No after ANSWER.\n\nParagraph: %s\n\nORIGINAL: %s\n\nNEW: %s\n\nANSWER:",
            "In the context of the PARAGRAPH, is there a significant difference in meaning between the text labeled ORIGINAL and NEW? Write Yes or No after ANSWER.\n\nParagraph: %s\n\nORIGINAL: %s\n\nNEW: %s\n\nANSWER:",
            "In the context of the PARAGRAPH, is there a significant modification of meaning between the text labeled ORIGINAL and NEW? Write Yes or No after ANSWER.\n\nParagraph: %s\n\nORIGINAL: %s\n\nNEW: %s\n\nANSWER:",
            "In the context of the PARAGRAPH, is there a significant change in meaning between the text labeled ORIGINAL and NEW? Write Yes or No after ANSWER.\n\nParagraph: %s\n\nORIGINAL: %s\n\nNEW: %s\n\nANSWER:"
            ],
        "verify-meaning-delete": [
            "I will give you two paragraphs. Is there a significant variation in meaning between the paragraphs? Write Yes or No after ANSWER.\n\nParagraph 1: %s\n\nParagraph 2: %s\n\nANSWER:"
            ]
    }
}